公司名稱,公司簡稱,公司代號
茂生農經股份有限公司,茂生農經,1240
安心食品服務股份有限公司,安心,1259
德麥食品股份有限公司,德麥,1264
漢來美食股份有限公司,漢來美食,1268
漢田生技股份有限公司,漢田生技,1294
生合生物科技股份有限公司,生合,1295
台翰精密科技股份有限公司,台翰,1336
精華光學股份有限公司,精華,1565
濱川企業股份有限公司,濱川,1569
力肯實業股份有限公司,力肯,1570
新麥企業股份有限公司,新麥,1580
精剛精密科技股份有限公司,精剛,1584
和勤精機股份有限公司,和勤,1586
英屬開曼群島商駿吉控股(股)公司,駿吉-KY,1591
祺驊股份有限公司,祺驊,1593
川寶科技股份有限公司,川寶,1595
宏佳騰動力科技股份有限公司,宏佳騰,1599
台灣蠟品股份有限公司,台蠟,1742
生泰合成工業股份有限公司,生泰,1777
合世生醫科技股份有限公司,合世,1781
訊聯生物科技股份有限公司,訊聯,1784
光洋應用材料科技股份有限公司,光洋科,1785
杏昌生技股份有限公司,杏昌,1788
金穎生物科技股份有限公司,金穎生技,1796
易威生醫科技股份有限公司,易威,1799
寶利徠光學科技股份有限公司,寶利徠,1813
富喬工業股份有限公司,富喬,1815
唐榮鐵工廠股份有限公司,唐榮公司,2035
風青實業股份有限公司,風青,2061
世鎧精密股份有限公司,世鎧精密,2063
晉椿工業股份有限公司,晉椿,2064
世豐螺絲股份有限公司,世豐,2065
世德工業股份有限公司,世德,2066
嘉鋼精密工業股份有限公司,嘉鋼,2067
精湛光學科技股份有限公司,精湛,2070
雄順金屬股份有限公司,雄順,2073
大甲永和機械工業股份有限公司,大甲,2221
泰茂實業股份有限公司,泰茂,2230
謚源實業股份有限公司,謚源,2235
綠意開發股份有限公司,綠意,2596
台灣大車隊股份有限公司,大車隊,2640
正德海運股份有限公司,正德,2641
捷迅股份有限公司,捷迅,2643
全心投資控股股份有限公司,全心投控,2718
台鋼燦星國際旅行社股份有限公司,燦星旅,2719
藝舍國際創新股份有限公司,藝舍-KY,2724
雅茗天地股份有限公司,雅茗-KY,2726
瓦城泰統股份有限公司,瓦城,2729
六角國際事業股份有限公司,六角,2732
易飛網國際旅行社股份有限公司,易飛網,2734
富野大飯店股份有限公司,富野,2736
華軒地產股份有限公司,華軒,2740
山富國際旅行社股份有限公司,山富,2743
五福旅行社股份有限公司,五福,2745
王座國際餐飲股份有限公司,王座,2751
豆府股份有限公司,豆府,2752
亞洲藏壽司股份有限公司,亞洲藏壽司,2754
揚秦國際企業股份有限公司,揚秦,2755
聯發國際餐飲事業股份有限公司,聯發國際,2756
滿心企業股份有限公司,滿心,2916
開曼群島宏太股份有限公司,宏太-KY,2924
誠品生活股份有限公司,誠品生活,2926
集雅社股份有限公司,集雅社,2937
米斯特國際企業股份有限公司,米斯特,2941
振宇五金股份有限公司,振宇五金,2947
寶陞國際股份有限公司,寶陞,2948
欣新網股份有限公司,欣新網,2949
泰偉電子股份有限公司,泰偉,3064
李洲科技股份有限公司,李洲,3066
全域股份有限公司,全域,3067
協禧電機股份有限公司,協禧,3071
天方能源科技股份有限公司,天方能源,3073
僑威科技股份有限公司,僑威,3078
聯亞光電工業股份有限公司,聯亞,3081
中華網龍股份有限公司,網龍,3083
台鋼新零售股份有限公司,新零售,3085
華義國際數位娛樂股份有限公司,華義*,3086
艾訊股份有限公司,艾訊,3088
台灣港建股份有限公司,港建*,3093
及成企業股份有限公司,及成,3095
穩懋半導體股份有限公司,穩懋,3105
好德科技股份有限公司,好德,3114
富育榮綱股份有限公司,富榮綱,3115
進階生物科技股份有限公司,進階,3118
笙泉科技股份有限公司,笙泉,3122
昇銳智慧科技股份有限公司,昇銳,3128
弘塑科技股份有限公司,弘塑,3131
晶宏半導體股份有限公司,晶宏,3141
大綜電腦系統股份有限公司,大綜,3147
璟德電子工業股份有限公司,璟德,3152
嘉實資訊股份有限公司,嘉實,3158
精確實業股份有限公司,精確,3162
波若威科技股份有限公司,波若威,3163
亞信電子股份有限公司,亞信,3169
炎洲流通股份有限公司,炎洲流通,3171
基亞生物科技股份有限公司,基亞,3176
公準精密工業股份有限公司,公準,3178
鑫龍騰開發股份有限公司,鑫龍騰,3188
雲嘉南科技股份有限公司,雲嘉南,3191
佰研生化科技股份有限公司,佰研,3205
志豐電子股份有限公司,志豐,3206
耀勝電子股份有限公司,耀勝,3207
順達科技股份有限公司,順達,3211
茂訊電腦股份有限公司,茂訊,3213
優群科技股份有限公司,優群,3217
大學光學科技股份有限公司,大學光,3218
倚強科技股份有限公司,倚強科,3219
台灣嘉碩科技股份有限公司,台嘉碩,3221
三顧股份有限公司,三顧,3224
龍鋒科技股份有限公司,龍鋒,3226
原相科技股份有限公司,原相,3227
金麗科技股份有限公司,金麗科,3228
錦明實業股份有限公司,錦明,3230
昱捷股份有限公司,昱捷,3232
光環科技股份有限公司,光環,3234
千如電機工業股份有限公司,千如,3236
海灣國際開發(股)公司,海灣,3252
鑫創科技股份有限公司,鑫創,3259
威剛科技股份有限公司,威剛,3260
欣銓科技股份有限公司,欣銓,3264
台星科股份有限公司,台星科,3265
海德威電子工業股份有限公司,海德威,3268
東碩資訊股份有限公司,東碩,3272
宇環科技股份有限公司,宇環,3276
太普高精密影像股份有限公司,太普高,3284
微端科技股份有限公司,微端,3285
廣寰科技股份有限公司,廣寰科,3287
點晶科技股份有限公司,點晶,3288
宜特科技股份有限公司,宜特,3289
東浦精密光電股份有限公司,東浦,3290
鈊象電子股份有限公司,鈊象,3293
英濟股份有限公司,英濟,3294
杭特電子股份有限公司,杭特,3297
岱稜科技股份有限公司,岱稜,3303
鼎天國際股份有限公司,鼎天,3306
佳穎精密企業股份有限公司,佳穎,3310
斐成開發科技股份有限公司,斐成,3313
尼克森微電子股份有限公司,尼克森,3317
建舜電子製造股份有限公司,建舜電,3322
加百裕工業股份有限公司,加百裕,3323
雙鴻科技股份有限公司,雙鴻,3324
旭品科技股份有限公司,旭品,3325
幸康電子股份有限公司,幸康,3332
泰谷光電科技股份有限公司,泰谷,3339
寶德科技股份有限公司,寶德,3349
律勝科技股份有限公司,律勝,3354
西北臺慶科技股份有限公司,臺慶科,3357
尚立股份有限公司,尚立,3360
先進光電科技股份有限公司,先進光,3362
上詮光纖通信股份有限公司,上詮,3363
台灣典範半導體股份有限公司,典範,3372
熱映光電股份有限公司,熱映,3373
精材科技股份有限公司,精材,3374
彬台科技股份有限公司,彬台,3379
崇越電通股份有限公司,崇越電,3388
旭軟電子科技股份有限公司,旭軟,3390
漢科系統科技股份有限公司,漢科,3402
台興電子企業股份有限公司,台興,3426
奇鈦科技股份有限公司,奇鈦科,3430
哲固資訊科技股份有限公司,哲固,3434
台灣類比科技股份有限公司,類比科,3438
聯一光電股份有限公司,聯一光電,3441
利機企業股份有限公司,利機,3444
由田新技股份有限公司,由田,3455
進泰電子科技股份有限公司,進泰電子,3465
德晉科技股份有限公司,德晉,3466
台灣精材股份有限公司,台灣精材,3467
安勤科技股份有限公司,安勤,3479
力致科技股份有限公司,力致,3483
崧騰企業股份有限公司,崧騰,3484
森寶開發股份有限公司,森寶,3489
單井工業股份有限公司,單井,3490
昇達科技股份有限公司,昇達科,3491
長盛科技股份有限公司,長盛,3492
陽程科技股份有限公司,陽程,3498
環天世通科技股份有限公司,環天科,3499
位速科技股份有限公司,位速,3508
矽瑪科技股份有限公司,矽瑪,3511
皇龍開發股份有限公司,皇龍,3512
亞帝歐光電股份有限公司,亞帝歐,3516
華盈電子股份有限公司,華盈,3520
台鋼建設事業股份有限公司,台鋼建設,3521
御嵿國際股份有限公司,御嵿,3522
迎輝科技股份有限公司,迎輝,3523
凡甲科技股份有限公司,凡甲,3526
聚積科技股份有限公司,聚積,3527
力旺電子股份有限公司,力旺,3529
先益電子工業股份有限公司,先益,3531
堡達實業股份有限公司,堡達,3537
曜越科技股份有限公司,曜越,3540
西柏科技股份有限公司,西柏,3541
宇峻奧汀科技股份有限公司,宇峻,3546
兆利科技工業股份有限公司,兆利,3548
世禾科技股份有限公司,世禾,3551
同致電子企業股份有限公司,同致,3552
博士旺創新股份有限公司,博士旺,3555
禾瑞亞科技股份有限公司,禾瑞亞,3556
神準科技股份有限公司,神準,3558
其陽科技股份有限公司,其陽,3564
逸昌科技股份有限公司,逸昌,3567
大塚資訊科技股份有限公司,大塚,3570
泓格科技股份有限公司,泓格,3577
友威科技股份有限公司,友威科,3580
博磊科技股份有限公司,博磊,3581
閎康科技股份有限公司,閎康,3587
磐儀科技股份有限公司,磐儀,3594
映興電子股份有限公司,映興,3597
三一東林科技股份有限公司,三一東林,3609
鼎翰科技股份有限公司,鼎翰,3611
安可光電股份有限公司,安可,3615
富晶通科技股份有限公司,富晶通,3623
光頡科技股份有限公司,光頡,3624
西勝國際股份有限公司,西勝,3625
盈正豫順電子股份有限公司,盈正,3628
地心引力股份有限公司,地心引力,3629
新鉅科技股份有限公司,新鉅科,3630
晟楠科技股份有限公司,晟楠,3631
研勤科技股份有限公司,研勤,3632
艾恩特精密工業股份有限公司,艾恩特,3646
鑫科材料科技股份有限公司,鑫科,3663
安瑞科技股份有限公司,安瑞-KY,3664
光耀科技股份有限公司,光耀,3666
康聯訊科技股份有限公司,康聯訊,3672
德微科技股份有限公司,德微,3675
家登精密工業股份有限公司,家登,3680
榮昌科技股份有限公司,榮昌,3684
元創精密車業股份有限公司,元創精密,3685
茂為歐買尬數位科技股份有限公司,歐買尬,3687
湧德電子股份有限公司,湧德,3689
碩禾電子材料股份有限公司,碩禾,3691
營邦企業股份有限公司,營邦,3693
漢磊科技股份有限公司,漢磊,3707
鑫聯大投資控股股份有限公司,鑫聯大投控,3709
連展投資控股股份有限公司,連展投控,3710
新晶投資控股股份有限公司,新晶投控,3713
永日化學工業股份有限公司,永日,4102
台灣東洋藥品工業股份有限公司,東洋,4105
邦特生物科技股份有限公司,邦特,4107
加捷生醫股份有限公司,加捷生醫,4109
濟生醫藥生技股份有限公司,濟生,4111
聯上實業股份有限公司,聯上,4113
健喬信元醫藥生技股份有限公司,健喬,4114
明基三豐醫療器材股份有限公司,明基醫,4116
友華生技醫藥股份有限公司,友華,4120
優盛醫學科技股份有限公司,優盛,4121
晟德大藥廠股份有限公司,晟德,4123
太平洋醫材股份有限公司,太醫,4126
天良生物科技企業股份有限公司,天良,4127
中天生物科技股份有限公司,中天,4128
聯合骨科器材股份有限公司,聯合,4129
健亞生物科技股份有限公司,健亞,4130
浩泰精準股份有限公司,浩泰,4131
曜亞國際股份有限公司,曜亞,4138
馬光保健控股股份有限公司,馬光-KY,4139
中裕新藥股份有限公司,中裕,4147
鈺緯科技開發股份有限公司,鈺緯,4153
樂威科股份有限公司,樂威科-KY,4154
太景醫藥研發控股股份有限公司,太景*-KY,4157
訊聯基因數位股份有限公司,訊聯基因,4160
聿新生物科技股份有限公司,聿新科,4161
智擎生技製藥股份有限公司,智擎,4162
鐿鈦科技股份有限公司,鐿鈦,4163
友霖生技醫藥股份有限公司,友霖,4166
松瑞製藥股份有限公司,松瑞藥,4167
台灣醣聯生技醫藥股份有限公司,醣聯,4168
瑞基海洋生物科技股份有限公司,瑞基,4171
久裕企業股份有限公司,久裕,4173
台灣浩鼎生技股份有限公司,浩鼎,4174
杏一醫療用品股份有限公司,杏一,4175
福永生物科技股份有限公司,福永生技,4183
安克生醫股份有限公司,安克,4188
杏國新藥股份有限公司,杏國,4192
欣大健康投資控股股份有限公司,欣大健康,4198
中華食品實業股份有限公司,中華食,4205
環泰企業股份有限公司,環泰,4207
信立化學工業股份有限公司,信立,4303
勝昱科技股份有限公司,勝昱,4304
世坤塑膠股份有限公司,世坤,4305
東隆興業股份有限公司,東隆興,4401
郡都開發股份有限公司,郡都開發,4402
新昕纖維股份有限公司,新昕纖,4406
飛寶企業股份有限公司,飛寶企業,4413
三圓建設股份有限公司,三圓,4416
金洲海洋科技股份有限公司,金洲,4417
皇家國際美食股份有限公司,皇家美食,4419
光明絲織廠股份有限公司,光明,4420
耀億工業股份有限公司,耀億,4430
銘旺實業股份有限公司,銘旺實,4432
興采實業股份有限公司,興采,4433
開曼群島商竣邦國際股份有限公司,竣邦-KY,4442
健信科技工業股份有限公司,健信,4502
金雨企業股份有限公司,金雨,4503
崇友實業(股)公司,崇友,4506
高鋒工業股份有限公司,高鋒,4510
福裕事業股份有限公司,福裕,4513
永彰科技股份有限公司,永彰,4523
(方方土)霖冷凍機械股份有限公司,方方土霖,4527
江興鍛壓工業股份有限公司,江興鍛,4528
淳紳股份有限公司,淳紳,4529
宏易創新國際股份有限公司,宏易,4530
協易機械工業股份有限公司,協易機,4533
慶騰精密科技股份有限公司,慶騰,4534
至興精機股份有限公司,至興,4535
大詠城機械股份有限公司,大詠城,4538
晟田科技工業股份有限公司,晟田,4541
科嶠工業股份有限公司,科嶠,4542
萬在工業股份有限公司,萬在,4543
桓達科技股份有限公司,桓達,4549
長佳機電工程股份有限公司,長佳,4550
橙的電子股份有限公司,橙的,4554
旭然國際股份有限公司,旭然,4556
寶緯工業股份有限公司,寶緯,4558
健椿工業股份有限公司,健椿,4561
百德機械股份有限公司,百德,4563
科際精密股份有限公司,科際精密,4568
達航科技股份有限公司,達航科技,4577
捷流閥業股份有限公司,捷流閥業,4580
君帆工業股份有限公司,君帆,4584
唐鋒實業股份有限公司,唐鋒,4609
中美聯合實業股份有限公司,中美實,4702
大恭化學工業股份有限公司,大恭,4706
磐亞股份有限公司,磐亞,4707
永純化學工業股份有限公司,永純,4711
永捷創新科技股份有限公司,永捷,4714
大立高分子工業股份有限公司,大立,4716
美琪瑪國際股份有限公司,美琪瑪,4721
永昕生物醫藥股份有限公司,永昕,4726
雙美生物科技股份有限公司,雙美,4728
熒茂光學股份有限公司,熒茂,4729
豪展醫療科技股份有限公司,豪展,4735
泓瀚科技股份有限公司,泓瀚,4741
合一生技股份有限公司,合一,4743
皇將科技股份有限公司,皇將,4744
合富醫療控股股份有限公司,合富-KY,4745
強生化學製藥廠股份有限公司,強生製藥,4747
新應材股份有限公司,新應材,4749
國碳科技股份有限公司,國碳科,4754
勤凱科技股份有限公司,勤凱科技,4760
誠泰工業科技股份有限公司,誠泰科技,4767
晶呈科技股份有限公司,晶呈科技,4768
台灣特品化學股份有限公司,台特化,4772
大略國際控股有限公司,大略-KY,4804
桂田文創娛樂股份有限公司,桂田文創,4806
聯合光纖通信股份有限公司,聯光通,4903
台聯電訊股份有限公司,台聯電,4905
富宇地產股份有限公司,富宇,4907
前鼎光電股份有限公司,前鼎,4908
新復興微波通訊股份有限公司,新復興,4909
德英生物科技股份有限公司,德英,4911
力士科技股份有限公司,力士,4923
欣厚科技股份有限公司,欣厚-KY,4924
新盛力科技股份有限公司,新盛力,4931
友輝光電股份有限公司,友輝,4933
亞洲電材股份有限公司,亞電,4939
紅心辣椒娛樂科技股份有限公司,辣椒,4946
金耘國際股份有限公司,金耘國際,4950
精拓科技股份有限公司,精拓科,4951
緯創軟體股份有限公司,緯軟,4953
譜瑞科技股份有限公司,譜瑞-KY,4966
英特磊科技股份有限公司,IET-KY,4971
湯石照明科技股份有限公司,湯石照明,4972
廣穎電通股份有限公司,廣穎電通,4973
亞泰影像科技股份有限公司,亞泰,4974
華星光通科技股份有限公司,華星光,4979
科誠股份有限公司,科誠,4987
環宇通訊半導體控股股份有限公司,環宇-KY,4991
晶達光電股份有限公司,晶達,4995
榮剛材料科技股份有限公司,榮剛,5009
久陽精密股份有限公司,久陽,5011
強新工業股份有限公司,強新,5013
建錩實業股份有限公司,建錩,5014
華祺工業股份有限公司,華祺,5015
松和工業股份有限公司,松和,5016
凱衛資訊股份有限公司,凱衛,5201
力新國際科技股份有限公司,力新,5202
中茂能資系統整合科技(股)公司,中茂,5205
坤悅開發股份有限公司,坤悅,5206
新鼎系統股份有限公司,新鼎,5209
寶碩財務科技股份有限公司,寶碩,5210
蒙恬科技股份有限公司,蒙恬,5211
凌網科技股份有限公司,凌網,5212
亞昕國際開發股份有限公司,亞昕,5213
萬達光電科技股份有限公司,萬達光電,5220
安力國際股份有限公司,安力-KY,5223
蓋曼群島商立凱電能科技(股)公司,立凱-KY,5227
鈺鎧科技股份有限公司,鈺鎧,5228
雷笛克光學股份有限公司,雷笛克光學,5230
凌陽創新科技股份有限公司,凌陽創新,5236
智晶光電股份有限公司,智晶,5245
天鉞電子股份有限公司,天鉞電,5251
智崴資訊科技股份有限公司,智崴,5263
笙科電子股份有限公司,笙科,5272
信驊科技股份有限公司,信驊,5274
達輝股份有限公司,達輝-KY,5276
尚凡國際創新科技股份有限公司,尚凡*,5278
數字科技股份有限公司,數字,5287
宜鼎國際股份有限公司,宜鼎,5289
邑昇實業股份有限公司,邑昇,5291
杰力科技股份有限公司,杰力,5299
寶得利國際股份有限公司,寶得利,5301
太欣半導體股份有限公司,太欣,5302
系統電子工業股份有限公司,系統電,5309
天剛資訊股份有限公司,天剛,5310
寶島光學科技股份有限公司,寶島科,5312
世紀民生科技股份有限公司,世紀*,5314
光聯科技股份有限公司,光聯,5315
美而快國際股份有限公司,美而快,5321
士林開發股份有限公司,士開,5324
華容股份有限公司,華容,5328
建榮工業材料股份有限公司,建榮,5340
立衛科技股份有限公司,立衛,5344
馥鴻建設股份有限公司,馥鴻,5345
世界先進積體電路股份有限公司,世界,5347
正能量智能股份有限公司,正能量智能,5348
鈺創科技股份有限公司,鈺創,5351
台林電通股份有限公司,台林,5353
佳總興業股份有限公司,佳總,5355
協益電子股份有限公司,協益,5356
力麗觀光開發股份有限公司,力麗店,5364
中強光電股份有限公司,中光電,5371
光譜電工股份有限公司,光譜,5381
青雲國際科技股份有限公司,青雲,5386
能率創新股份有限公司,能率,5392
慕康生技醫藥股份有限公司,慕康生醫,5398
中菲電腦股份有限公司,中菲,5403
國眾電腦股份有限公司,國眾,5410
台灣半導體股份有限公司,台半,5425
振發實業股份有限公司,振發,5426
新門科技股份有限公司,新門,5432
東友科技股份有限公司,東友,5438
高技企業股份有限公司,高技,5439
均豪精密工業股份有限公司,均豪,5443
南良國際股份有限公司,南良,5450
佶優科技股份有限公司,佶優,5452
昇益開發股份有限公司,昇益,5455
宣德科技股份有限公司,宣德,5457
同協電子股份有限公司,同協,5460
霖宏科技股份有限公司,霖宏,5464
富驊企業股份有限公司,富驊,5465
凱鈺科技股份有限公司,凱鈺,5468
聰泰科技開發股份有限公司,聰泰,5474
德宏工業股份有限公司,德宏,5475
智冠科技股份有限公司,智冠,5478
新華泰富股份有限公司,新華,5481
中美矽晶製品股份有限公司,中美晶,5483
通泰積體電路股份有限公司,通泰,5487
松普科技股份有限公司,松普,5488
彩富電子股份有限公司,彩富,5489
同亨科技股份有限公司,同亨,5490
三聯科技股份有限公司,三聯,5493
凱崴電子股份有限公司,凱崴,5498
永信建設開發股份有限公司,永信建,5508
德昌營造股份有限公司,德昌,5511
力麒建設股份有限公司,力麒,5512
三豐建設股份有限公司,三豐,5514
雙喜營造股份有限公司,雙喜,5516
力泰建設企業股份有限公司,力泰,5520
豐謙建設股份有限公司,豐謙,5523
鉅陞國際開發股份有限公司,鉅陞,5529
龍巖股份有限公司,龍巖,5530
聖暉工程科技股份有限公司,聖暉*,5536
桓鼎股份有限公司,桓鼎-KY,5543
久舜營造股份有限公司,久舜,5547
安倉營造股份有限公司,安倉,5548
臺聯貨櫃通運股份有限公司,台聯櫃,5601
陸海股份有限公司,陸海,5603
中連誠企業股份有限公司,中連,5604
中菲行國際物流股份有限公司,中菲行,5609
劍湖山世界股份有限公司,劍湖山,5701
亞都麗緻大飯店股份有限公司,亞都麗緻,5703
知本老爺大酒店股份有限公司,老爺知,5704
致和證券股份有限公司,致和證,5864
台名保險經紀人股份有限公司,台名,5878
德記洋行股份有限公司,德記,5902
全家便利商店股份有限公司,全家,5903
寶雅國際股份有限公司,寶雅,5904
南仁湖育樂股份有限公司,南仁湖,5905
宏遠證券股份有限公司,宏遠證,6015
康和綜合證券股份有限公司,康和證,6016
大展證券股份有限公司,大展證,6020
美好證券股份有限公司,美好證,6021
元大期貨股份有限公司,元大期貨,6023
福邦證券股份有限公司,福邦證,6026
公勝保險經紀人股份有限公司,公勝保經,6028
寬魚國際股份有限公司,寬魚國際,6101
合邦電子股份有限公司,合邦,6103
創惟科技股份有限公司,創惟,6104
亞元科技股份有限公司,亞元,6109
光聚晶電聯合股份有限公司,光聚晶電,6111
亞矽科技股份有限公司,亞矽,6113
久威國際股份有限公司,久威,6114
建達國際股份有限公司,建達,6118
新普科技股份有限公司,新普,6121
擎邦國際科技工程股份有限公司,擎邦,6122
上奇科技股份有限公司,上奇,6123
業強科技股份有限公司,業強,6124
廣運機械工程股份有限公司,廣運,6125
信音企業股份有限公司,信音,6126
九豪精密陶瓷股份有限公司,九豪,6127
普誠科技股份有限公司,普誠,6129
上亞科技股份有限公司,上亞科技,6130
萬旭電業股份有限公司,萬旭,6134
茂達電子股份有限公司,茂達,6138
訊達電腦股份有限公司,訊達電腦,6140
振曜科技股份有限公司,振曜,6143
得利影視股份有限公司,得利影,6144
耕興股份有限公司,耕興,6146
頎邦科技股份有限公司,頎邦,6147
驊宏資通股份有限公司,驊宏資,6148
撼訊科技股份有限公司,撼訊,6150
晉倫科技股份有限公司,晉倫,6151
順發電腦股份有限公司,順發,6154
松上電子股份有限公司,松上,6156
禾昌興業股份有限公司,禾昌,6158
欣技資訊股份有限公司,欣技,6160
捷波資訊股份有限公司,捷波,6161
華電聯網股份有限公司,華電網,6163
久正光電股份有限公司,久正,6167
昱泉國際股份有限公司,昱泉,6169
統振股份有限公司,統振,6170
大城地產股份有限公司,大城地產,6171
信昌電子陶瓷股份有限公司,信昌電,6173
安碁科技股份有限公司,安碁,6174
立敦科技股份有限公司,立敦,6175
亞通利大能源股份有限公司,亞通,6179
遊戲橘子數位科技股份有限公司,橘子,6180
合晶科技股份有限公司,合晶,6182
幃翔精密股份有限公司,幃翔,6185
新潤興業股份有限公司,新潤,6186
萬潤科技股份有限公司,萬潤,6187
廣明光電股份有限公司,廣明,6188
萬泰科技股份有限公司,萬泰科,6190
育富電子股份有限公司,育富,6194
詩肯股份有限公司,詩肯,6195
瑞築建設股份有限公司,瑞築,6198
天品聯合企業股份有限公司,天品,6199
海韻電子工業股份有限公司,海韻電,6203
台灣艾華電子工業股份有限公司,艾華,6204
雷科股份有限公司,雷科,6207
日揚科技股份有限公司,日揚,6208
慶生電子股份有限公司,慶生,6210
理銘開發股份有限公司,理銘,6212
中國探針股份有限公司,中探針,6217
豪勉科技股份有限公司,豪勉,6218
富旺國際開發股份有限公司,富旺,6219
岳豐科技股份有限公司,岳豐,6220
晉泰科技股份有限公司,晉泰,6221
立軒開發建設股份有限公司,立軒,6222
旺矽科技股份有限公司,旺矽,6223
茂綸股份有限公司,茂綸,6227
全譜科技股份有限公司,全譜,6228
研通科技股份有限公司,研通,6229
系微股份有限公司,系微,6231
旺玖科技股份有限公司,旺玖,6233
高僑自動化科技股份有限公司,高僑,6234
中湛股份有限公司,中湛,6236
驊訊電子企業股份有限公司,驊訊,6237
松崗國際興業股份有限公司,松崗,6240
鑫永洋科技股份有限公司,鑫永洋,6241
立康生醫事業股份有限公司,立康,6242
茂迪股份有限公司,茂迪,6244
立端科技股份有限公司,立端,6245
臺龍電子股份有限公司,臺龍,6246
沛波鋼鐵股份有限公司,沛波,6248
百徽股份有限公司,百徽,6259
久元電子股份有限公司,久元,6261
普萊德科技股份有限公司,普萊德,6263
富裔實業股份有限公司,富裔,6264
方土昶股份有限公司,方土昶,6265
泰詠電子股份有限公司,泰詠,6266
倍微科技股份有限公司,倍微,6270
台燿科技股份有限公司,台燿,6274
元山科技工業股份有限公司,元山,6275
安鈦克科技股份有限公司,安鈦克,6276
胡連精密股份有限公司,胡連,6279
佳邦科技股份有限公司,佳邦,6284
良維科技股份有限公司,良維,6290
沛亨半導體股份有限公司,沛亨,6291
迅德興業股份有限公司,迅德,6292
智基科技開發股份有限公司,智基,6294
晶焱科技股份有限公司,晶焱,6411
韋僑科技股份有限公司,韋僑,6417
詠昇電子股份有限公司,詠昇,6418
京晨科技股份有限公司,京晨科,6419
億而得微電子股份有限公司,億而得,6423
易發精機股份有限公司,易發,6425
今展科技股份有限公司,今展科,6432
大中積體電路股份有限公司,大中,6435
廣錠科技股份有限公司,廣錠,6441
益得生物科技股份有限公司,益得,6461
神盾股份有限公司,神盾,6462
威潤科技股份有限公司,威潤,6465
大樹醫藥股份有限公司,大樹,6469
宇智網通股份有限公司,宇智,6470
華豫寧股份有限公司,華豫寧,6474
弘煜科技事業股份有限公司,弘煜科,6482
點序科技股份有限公司,點序,6485
互動國際數位股份有限公司,互動,6486
環球晶圓股份有限公司,環球晶,6488
生華生物科技股份有限公司,生華科,6492
九齊科技股份有限公司,九齊,6494
科懋生物科技股份有限公司,科懋,6496
久禾光電股份有限公司,久禾光,6498
益安生醫股份有限公司,益安,6499
雙邦實業股份有限公司,雙邦,6506
惠光股份有限公司,惠光,6508
聚和國際股份有限公司,聚和,6509
中華精測科技股份有限公司,精測,6510
啟發電子股份有限公司,啟發電,6512
勤崴國際科技股份有限公司,勤崴國際,6516
保勝光學股份有限公司,保勝光學,6517
達爾膚生醫科技股份有限公司,達爾膚,6523
明達醫學科技股份有限公司,明達醫,6527
創威光電股份有限公司,創威,6530
瑞耘科技股份有限公司,瑞耘,6532
順天醫藥生技股份有限公司,順藥,6535
倉和股份有限公司,倉和,6538
隆中網絡股份有限公司,隆中,6542
正基科技股份有限公司,正基,6546
高端疫苗生物製劑股份有限公司,高端疫苗,6547
長華科技股份有限公司,長科*,6548
勝品電通股份有限公司,勝品,6556
欣普羅光電股份有限公司,欣普羅,6560
是方電訊股份有限公司,是方,6561
宏觀微電子股份有限公司,宏觀,6568
醫揚科技股份有限公司,醫揚,6569
維田科技股份有限公司,維田,6570
霈方國際股份有限公司,霈方,6574
逸達生物科技股份有限公司,逸達,6576
勁豐電子股份有限公司,勁豐,6577
達邦蛋白生技股份有限公司,達邦蛋白,6578
南俊國際股份有限公司,南俊國際,6584
東典光電科技股份有限公司,東典光電,6588
普鴻資訊股份有限公司,普鴻,6590
台灣銘板股份有限公司,台灣銘板,6593
寬宏藝術經紀股份有限公司,寬宏藝術,6596
立誠光電股份有限公司,立誠,6597
富強鑫精密工業股份有限公司,富強鑫,6603
台灣瀧澤科技股份有限公司,瀧澤科,6609
應用奈米醫材科技股份有限公司,奈米醫材,6612
朋億股份有限公司,朋億*,6613
慧智基因股份有限公司,慧智,6615
特昇國際股份有限公司,特昇-KY,6616
共信醫藥科技控股股份有限公司,共信-KY,6617
漢達生技醫藥股份有限公司,漢達,6620
萬年清環境工程股份有限公司,萬年清,6624
泰金投資控股股份有限公司,泰金-KY,6629
醫影股份有限公司,醫影,6637
均華精密工業股份有限公司,均華,6640
富致科技股份有限公司,富致,6642
&#20870;星科技股份有限公司,M31,6643
台灣生醫材料股份有限公司,台生材,6649
全宇昕科技股份有限公司,全宇昕,6651
天正國際精密機械股份有限公司,天正國際,6654
威健股份有限公司,威健生技,6661
樂斯科生物科技股份有限公司,樂斯科,6662
群翊工業股份有限公司,群翊,6664
信紘科技股份有限公司,信紘科,6667
鈺太科技股份有限公司,鈺太,6679
鑫創電子股份有限公司,鑫創電子,6680
雍智科技股份有限公司,雍智科技,6683
安格科技股份有限公司,安格,6684
安碁資訊股份有限公司,安碁資訊,6690
進金生能源服務股份有限公司,進能服,6692
廣閎科技股份有限公司,廣閎科,6693
東捷資訊服務股份有限公司,東捷資訊,6697
軒郁國際股份有限公司,軒郁,6703
天擎積體電路股份有限公司,天擎,6708
長聖國際生技股份有限公司,長聖,6712
應廣科技股份有限公司,應廣,6716
久昌科技股份有限公司,久昌,6720
信實保全股份有限公司,信實,6721
台灣矽科宏晟科技股份有限公司,矽科宏晟,6725
亞泰金屬工業股份有限公司,亞泰金屬,6727
上洋產業股份有限公司,上洋,6728
常廣股份有限公司,常廣,6730
昇佳電子股份有限公司,昇佳電子,6732
博晟生醫股份有限公司,博晟生醫,6733
美達科技股份有限公司,美達科技,6735
竹陞科技股份有限公司,竹陞科技,6739
"91APP, Inc.",91APP*-KY,6741
智聯服務股份有限公司,智聯服務,6751
叡揚資訊股份有限公司,叡揚,6752
穩得實業股份有限公司,穩得,6761
達亞國際股份有限公司,達亞,6762
綠界科技股份有限公司,綠界科技*,6763
台灣微創醫療器材股份有限公司,台微醫,6767
昱展新藥生技股份有限公司,昱展新藥,6785
華景電通股份有限公司,華景電,6788
虎門科技股份有限公司,虎門科技,6791
崑鼎綠能環保股份有限公司,崑鼎,6803
明係事業股份有限公司,明係,6804
宏碁資訊服務股份有限公司,宏碁資訊,6811
聯寶電子股份有限公司,聯寶,6821
濾能股份有限公司,濾能,6823
千附精密股份有限公司,千附精密,6829
東研信超股份有限公司,東研信超,6840
長佳智能股份有限公司,長佳智能,6841
進典工業股份有限公司,進典,6843
諾貝兒寶貝股份有限公司,諾貝兒,6844
綠茵生技股份有限公司,綠茵,6846
數泓科技股份有限公司,數泓科,6855
鑫傳國際多媒體科技股份有限公司,鑫傳,6856
伯特光電股份有限公司,伯特光,6859
偉康科技股份有限公司,偉康科技,6865
騰雲科技服務股份有限公司,騰雲,6870
浩宇生醫股份有限公司,浩宇生醫,6872
倍力資訊股份有限公司,倍力,6874
國邑藥品科技股份有限公司,國邑*,6875
鏵友益科技股份有限公司,鏵友益,6877
潤德室內裝修設計工程(股)公司,潤德,6881
海柏特股份有限公司,海柏特,6884
衛司特科技股份有限公司,衛司特,6894
宏碩系統股份有限公司,宏碩系統,6895
創為精密材料股份有限公司,創為精密,6899
巨漢系統科技股份有限公司,巨漢,6903
伯鑫工具股份有限公司,伯鑫,6904
雅特力科技(開曼)股份有限公司,雅特力-KY,6907
德鴻科技股份有限公司,德鴻,6910
鴻呈實業股份有限公司,鴻呈,6913
宸曜科技股份有限公司,宸曜,6922
意藍資訊股份有限公司,意藍,6925
佑全藥品股份有限公司,佑全,6929
家碩科技股份有限公司,家碩,6953
旅天下聯合國際旅行社(股)公司,旅天下,6961
汎瑋材料科技股份有限公司,汎瑋材料,6967
萬達寵物事業股份有限公司,萬達寵物,6968
惠民實業股份有限公司,惠民實業,6971
大井泵浦工業股份有限公司,大井泵浦,6982
力領科技股份有限公司,力領科技,6996
博弘雲端科技股份有限公司,博弘,6997
邑錡股份有限公司,邑錡,7402
碩網資訊股份有限公司,碩網,7547
意德士科技股份有限公司,意德士科技,7556
樂意傳播股份有限公司,樂意,7584
昶瑞機電股份有限公司,昶瑞機電,7642
銳澤實業股份有限公司,銳澤,7703
明遠精密科技股份有限公司,明遠精密,7704
全家國際餐飲股份有限公司,全家餐飲,7708
榮田精機股份有限公司,榮田,7709
博盛半導體股份有限公司,博盛半導體,7712
威力德生醫股份有限公司,威力德生醫,7713
創泓科技股份有限公司,創泓科技,7714
裕山環境工程股份有限公司,裕山,7715
昱臺國際股份有限公司,昱臺國際,7716
英屬開曼群島商萊德光電(股)公司,萊德光電-KY,7717
友鋮股份有限公司,友鋮,7718
築間餐飲事業股份有限公司,築間,7723
光焱科技股份有限公司,光焱科技,7728
印能科技股份有限公司,印能科技,7734
東聯互動股份有限公司,東聯互動,7738
金利食安科技股份有限公司,金利食安,7743
崴寶精密科技股份有限公司,崴寶,7744
昕奇雲端科技股份有限公司,昕奇雲端,7747
竑騰科技股份有限公司,竑騰,7751
星亞視覺股份有限公司,星亞,7753
金色三麥餐飲股份有限公司,金色三麥,7757
仁大資訊股份有限公司,仁大資訊,7767
君曜科技股份有限公司,君曜,7770
能率亞洲資本股份有限公司,能率亞洲,7777
光速火箭股份有限公司,光速火箭,7782
安葆國際實業股份有限公司,安葆,7792
宏碁智新股份有限公司,宏碁智新,7794
威聯通科技股份有限公司,威聯通,7805
捷創科技股份有限公司,捷創科技,7810
民盛應用企業股份有限公司,民盛,7811
立盈環保科技股份有限公司,立盈,7820
創新服務股份有限公司,創新服務,7828
佑華微電子股份有限公司,佑華,8024
鈦昇科技股份有限公司,鈦昇,8027
光菱電子股份有限公司,光菱,8032
榮群電訊股份有限公司,榮群,8034
長園科技實業股份有限公司,長園科,8038
九暘電子股份有限公司,九暘,8040
臺灣金山電子工業股份有限公司,金山電,8042
蜜望實企業股份有限公司,蜜望實,8043
網路家庭國際資訊股份有限公司,網家,8044
星雲電腦股份有限公司,星雲,8047
德勝科技股份有限公司,德勝,8048
晶采光電科技股份有限公司,晶采,8049
廣積科技股份有限公司,廣積,8050
安國國際科技股份有限公司,安國,8054
凱碩科技股份有限公司,凱碩,8059
東捷科技股份有限公司,東捷,8064
來思達國際企業股份有限公司,來思達,8066
志旭國際股份有限公司,志旭,8067
全達國際股份有限公司,全達,8068
元太科技工業股份有限公司,元太,8069
能率網通股份有限公司,能率網通,8071
鉅橡企業股份有限公司,鉅橡,8074
伍豐科技股份有限公司,伍豐,8076
洛碁實業股份有限公司,洛碁,8077
泰霖事業股份有限公司,泰霖,8080
瑞穎股份有限公司,瑞穎,8083
巨虹電子股份有限公司,巨虹,8084
福華電子股份有限公司,福華,8085
宏捷科技股份有限公司,宏捷科,8086
麗升能源科技股份有限公司,麗升能源,8087
品安科技股份有限公司,品安,8088
康全電訊股份有限公司,康全電訊,8089
翔名科技股份有限公司,翔名,8091
建暐精密科技股份有限公司,建暐,8092
保銳科技股份有限公司,保銳,8093
擎亞電子股份有限公司,擎亞,8096
常珵科技股份有限公司,常珵,8097
大同世界科技股份有限公司,大世科,8099
傑霖科技股份有限公司,傑霖科技,8102
大億金茂股份有限公司,大億金茂,8107
博大科技股份有限公司,博大,8109
立碁電子工業股份有限公司,立碁,8111
越峰電子材料股份有限公司,越峰,8121
正淩精密工業股份有限公司,正淩,8147
博智電子股份有限公司,博智,8155
天宇工業股份有限公司,天宇,8171
智捷科技股份有限公司,智捷,8176
加高電子股份有限公司,加高,8182
台灣精星科技股份有限公司,精星,8183
巨有科技股份有限公司,巨有科技,8227
新漢股份有限公司,新漢,8234
華宏新技股份有限公司,華宏,8240
朋程科技股份有限公司,朋程,8255
全景軟體股份有限公司,全景軟體,8272
商丞科技股份有限公司,商丞,8277
生展生物科技股份有限公司,生展,8279
三竹資訊股份有限公司,三竹,8284
泰藝電子股份有限公司,泰藝,8289
尚茂電子材料股份有限公司,尚茂,8291
群聯電子股份有限公司,群聯,8299
益張實業股份有限公司,益張,8342
恒耀國際股份有限公司,恒耀國際,8349
冠好科技股份有限公司,冠好,8354
金居開發股份有限公司,金居,8358
千附實業股份有限公司,千附,8383
金益鼎企業股份有限公司,金益鼎,8390
白紗科技印刷股份有限公司,白紗科,8401
盛弘醫藥股份有限公司,盛弘,8403
商之器科技股份有限公司,商之器,8409
森田印刷廠股份有限公司,森田,8410
大成國際鋼鐵股份有限公司,大國鋼,8415
實威國際股份有限公司,實威,8416
旭源包裝科技股份有限公司,旭源,8421
保綠資源股份有限公司,保綠-KY,8423
惠普股份有限公司,惠普,8424
紅木集團有限公司,紅木-KY,8426
匯鑽科技股份有限公司,匯鑽科,8431
東生華製藥股份有限公司,東生華,8432
弘帆股份有限公司,弘帆,8433
台灣鉅邁股份有限公司,鉅邁,8435
大江生醫股份有限公司,大江,8436
大地幼教股份有限公司,大地-KY,8437
綠電再生股份有限公司,綠電,8440
綠河股份有限公司,綠河-KY,8444
華研國際音樂股份有限公司,華研,8446
霹靂國際多媒體股份有限公司,霹靂,8450
蓋曼群島商日本大拓股份有限公司,大拓-KY,8455
夠麻吉股份有限公司,夠麻吉,8472
創業家數位股份有限公司,創業家,8477
三貝德數位文創股份有限公司,三貝德,8489
裕國冷凍冷藏股份有限公司,裕國,8905
花王企業股份有限公司,花王,8906
欣雄天然氣股份有限公司,欣雄,8908
光隆實業股份有限公司,光隆,8916
欣泰石油氣股份有限公司,欣泰,8917
沈氏藝術印刷股份有限公司,沈氏,8921
時報文化出版企業股份有限公司,時報,8923
大田精密工業股份有限公司,大田,8924
北基國際股份有限公司,北基,8927
鉅明股份有限公司,鉅明,8928
富堡工業股份有限公司,富堡,8929
青鋼應用材料股份有限公司,青鋼,8930
大園汽電共生股份有限公司,大汽電,8931
智通科創股份有限公司,智通*,8932
愛地雅工業股份有限公司,愛地雅,8933
邦泰複合材料股份有限公司,邦泰,8935
國統國際股份有限公司,國統,8936
合騏工業股份有限公司,合騏*,8937
明安國際企業股份有限公司,明安,8938
關中股份有限公司,關中,8941
森鉅科技材料股份有限公司,森鉅,8942
琉園股份有限公司,琉園,9949
萬國通路股份有限公司,萬國通,9950
皇田工業股份有限公司,皇田,9951
邁達康網路事業股份有限公司,邁達康,9960
有益鋼鐵股份有限公司,有益,9962
臺灣水泥股份有限公司,台泥,1101
亞洲水泥股份有限公司,亞泥,1102
嘉新水泥股份有限公司,嘉泥,1103
環球水泥股份有限公司,環泥,1104
幸福水泥股份有限公司,幸福,1108
信大水泥股份有限公司,信大,1109
東南水泥股份有限公司,東泥,1110
味全食品工業股份有限公司,味全,1201
味王股份有限公司,味王,1203
大成長城企業股份有限公司,大成,1210
大西洋飲料股份有限公司,大飲,1213
台灣卜蜂企業股份有限公司,卜蜂,1215
統一企業股份有限公司,統一,1216
愛之味股份有限公司,愛之味,1217
泰山企業股份有限公司,泰山,1218
福壽實業股份有限公司,福壽,1219
台榮產業股份有限公司,台榮,1220
福懋油脂股份有限公司,福懋油,1225
佳格食品股份有限公司,佳格,1227
聯華實業控股股份有限公司,聯華,1229
聯華食品工業股份有限公司,聯華食,1231
大統益股份有限公司,大統益,1232
天仁茶業股份有限公司,天仁,1233
黑松股份有限公司,黑松,1234
興泰實業股份有限公司,興泰,1235
宏亞食品股份有限公司,宏亞,1236
鮮活控股股份有限公司,鮮活果汁-KY,1256
台灣塑膠工業股份有限公司,台塑,1301
南亞塑膠工業股份有限公司,南亞,1303
台灣聚合化學品股份有限公司,台聚,1304
華夏海灣塑膠股份有限公司,華夏,1305
三芳化學工業股份有限公司,三芳,1307
亞洲聚合股份有限公司,亞聚,1308
台達化學工業股份有限公司,台達化,1309
台灣苯乙烯工業股份有限公司,台苯,1310
國喬石油化學股份有限公司,國喬,1312
聯成化學科技股份有限公司,聯成,1313
中國石油化學工業開發(股)公司,中石化,1314
達新工業股份有限公司,達新,1315
上曜建設開發股份有限公司,上曜,1316
東陽實業廠股份有限公司,東陽,1319
大洋塑膠工業股份有限公司,大洋,1321
永裕塑膠工業股份有限公司,永裕,1323
地球綜合工業股份有限公司,地球,1324
恒大股份有限公司,恆大,1325
台灣化學纖維股份有限公司,台化,1326
亞洲塑膠再生資源控股有限公司,再生-KY,1337
廣華控股有限公司,廣華-KY,1338
昭輝實業股份有限公司,昭輝,1339
勝悅新材料有限公司,勝悅-KY,1340
富林塑膠工業(開曼)控股(股)公司,富林-KY,1341
八貫企業股份有限公司,八貫,1342
遠東新世紀股份有限公司,遠東新,1402
新光合成纖維股份有限公司,新纖,1409
南洋染整股份有限公司,南染,1410
宏洲纖維工業股份有限公司,宏洲,1413
東和紡織股份有限公司,東和,1414
廣豐實業股份有限公司,廣豐,1416
嘉裕股份有限公司,嘉裕,1417
東華龍股份有限公司,東華,1418
新光紡織股份有限公司,新紡,1419
利華羊毛工業股份有限公司,利華,1423
大魯閣實業股份有限公司,大魯閣,1432
福懋興業股份有限公司,福懋,1434
中福國際(股)公司,中福,1435
華友聯開發股份有限公司,華友聯,1436
勤益投資控股股份有限公司,勤益控,1437
三地開發地產股份有限公司,三地開發,1438
雋揚國際股份有限公司,雋揚,1439
臺南紡織股份有限公司,南紡,1440
大東紡織股份有限公司,大東,1441
名軒開發股份有限公司,名軒,1442
立益物流開發股份有限公司,立益物流,1443
力麗企業股份有限公司,力麗,1444
大宇紡織股份有限公司,大宇,1445
宏和精密紡織股份有限公司,宏和,1446
力鵬企業股份有限公司,力鵬,1447
佳和實業股份有限公司,佳和,1449
年興紡織股份有限公司,年興,1451
宏益纖維工業股份有限公司,宏益,1452
大將開發股份有限公司,大將,1453
台灣富綢纖維股份有限公司,台富,1454
集盛實業股份有限公司,集盛,1455
怡華實業股份有限公司,怡華,1456
宜進實業股份有限公司,宜進,1457
聯發紡織纖維股份有限公司,聯發,1459
宏遠興業股份有限公司,宏遠,1460
強盛新投資控股股份有限公司,強盛新,1463
得力實業股份有限公司,得力,1464
偉全實業股份有限公司,偉全,1465
聚隆纖維股份有限公司,聚隆,1466
南緯實業股份有限公司,南緯,1467
昶和纖維興業股份有限公司,昶和,1468
大統新創股份有限公司,大統新創,1470
首利實業股份有限公司,首利,1471
三洋實業股份有限公司,三洋實業,1472
台南企業股份有限公司,台南,1473
弘裕企業股份有限公司,弘裕,1474
台灣業旺股份有限公司,業旺,1475
儒鴻企業股份有限公司,儒鴻,1476
聚陽實業股份有限公司,聚陽,1477
士林電機廠股份有限公司,士電,1503
東元電機股份有限公司,東元,1504
正道工業股份有限公司,正道,1506
瑞利企業股份有限公司,瑞利,1512
中興電工機械股份有限公司,中興電,1513
亞力電機股份有限公司,亞力,1514
力山工業股份有限公司,力山,1515
川飛能源股份有限公司,川飛,1516
利奇機械工業股份有限公司,利奇,1517
華城電機股份有限公司,華城,1519
大億交通工業製造股份有限公司,大億,1521
堤維西交通工業股份有限公司,堤維西,1522
耿鼎企業股份有限公司,耿鼎,1524
江申工業股份有限公司,江申,1525
日馳企業股份有限公司,日馳,1526
鑽全實業股份有限公司,鑽全,1527
恩德科技股份有限公司,恩德,1528
樂事綠能科技股份有限公司,樂事綠能,1529
亞崴機電股份有限公司,亞崴,1530
高林股份有限公司,高林股,1531
勤美股份有限公司,勤美,1532
車王電子股份有限公司,車王電,1533
中宇環保工程股份有限公司,中宇,1535
和大工業股份有限公司,和大,1536
廣隆光電科技股份有限公司,廣隆,1537
正峰工業股份有限公司,正峰,1538
巨庭機械股份有限公司,巨庭,1539
喬福機械工業股份有限公司,喬福,1540
錩泰工業股份有限公司,錩泰,1541
伸興工業股份有限公司,伸興,1558
中國砂輪企業股份有限公司,中砂,1560
巧新科技工業股份有限公司,巧新,1563
倉佑實業股份有限公司,倉佑,1568
信錦企業股份有限公司,信錦,1582
程泰機械股份有限公司,程泰,1583
吉茂精密股份有限公司,吉茂,1587
永冠能源科技集團有限公司,永冠-KY,1589
亞德客國際集團,亞德客-KY,1590
直得科技股份有限公司,直得,1597
岱宇國際股份有限公司,岱宇,1598
中華電線電纜股份有限公司,華電,1603
聲寶股份有限公司,聲寶,1604
華新麗華股份有限公司,華新,1605
華榮電線電纜股份有限公司,華榮,1608
大亞電線電纜股份有限公司,大亞,1609
中國電器股份有限公司,中電,1611
宏泰電工股份有限公司,宏泰,1612
台灣三洋電機股份有限公司,三洋電,1614
大山電線電纜股份有限公司,大山,1615
億泰電線電纜股份有限公司,億泰,1616
榮星電線工業股份有限公司,榮星,1617
合機電線電纜股份有限公司,合機,1618
大東電業廠股份有限公司,大東電,1623
艾美特(開曼)國際有限公司,艾美特-KY,1626
南僑投資控股股份有限公司,南僑,1702
葡萄王生技股份有限公司,葡萄王,1707
東南實業股份有限公司,東鹼,1708
和益化學工業股份有限公司,和益,1709
東聯化學股份有限公司,東聯,1710
臺灣永光化學工業股份有限公司,永光,1711
興農股份有限公司,興農,1712
國泰化工廠股份有限公司,國化,1713
和桐化學股份有限公司,和桐,1714
長興材料工業股份有限公司,長興,1717
中國人造纖維股份有限公司,中纖,1718
生達化學製藥股份有限公司,生達,1720
三晃股份有限公司,三晃,1721
台灣肥料股份有限公司,台肥,1722
中鋼碳素化學股份有限公司,中碳,1723
元禎企業股份有限公司,元禎,1725
永記造漆工業股份有限公司,永記,1726
臺灣中華化學工業股份有限公司,中華化,1727
花仙子企業股份有限公司,花仙子,1730
美吾華股份有限公司,美吾華,1731
毛寶股份有限公司,毛寶,1732
五鼎生物技術股份有限公司,五鼎,1733
杏輝藥品工業股份有限公司,杏輝,1734
日勝化工股份有限公司,日勝化,1735
喬山健康科技股份有限公司,喬山,1736
臺鹽實業股份有限公司,臺鹽,1737
南光化學製藥股份有限公司,南光,1752
寶齡富錦生技股份有限公司,寶齡富錦,1760
中化合成生技股份有限公司,中化生,1762
勝一化工股份有限公司,勝一,1773
展宇科技材料股份有限公司,展宇,1776
和康生物科技股份有限公司,和康生,1783
科妍生物科技股份有限公司,科妍,1786
台灣神隆股份有限公司,神隆,1789
美時化學製藥股份有限公司,美時,1795
台灣玻璃工業股份有限公司,台玻,1802
寶徠建設股份有限公司,寶徠,1805
冠軍建材股份有限公司,冠軍,1806
潤隆建設股份有限公司,潤隆,1808
中國製釉股份有限公司,中釉,1809
和成欣業股份有限公司,和成,1810
凱撒衛浴股份有限公司,凱撒衛,1817
士林紙業股份有限公司,士紙,1903
正隆股份有限公司,正隆,1904
中華紙漿股份有限公司,華紙,1905
寶隆國際股份有限公司,寶隆,1906
永豐餘投資控股股份有限公司,永豐餘,1907
榮成紙業股份有限公司,榮成,1909
中國鋼鐵股份有限公司,中鋼,2002
東和鋼鐵企業股份有限公司,東和鋼鐵,2006
燁興企業股份有限公司,燁興,2007
高興昌鋼鐵股份有限公司,高興昌,2008
第一伸銅科技股份有限公司,第一銅,2009
春源鋼鐵工業股份有限公司,春源,2010
春雨工廠股份有限公司,春雨,2012
中國鋼鐵結構股份有限公司,中鋼構,2013
中鴻鋼鐵股份有限公司,中鴻,2014
豐興鋼鐵股份有限公司,豐興,2015
官田鋼鐵股份有限公司,官田鋼,2017
美亞鋼管廠股份有限公司,美亞,2020
聚亨企業股份有限公司,聚亨,2022
燁輝企業股份有限公司,燁輝,2023
志聯工業股份有限公司,志聯,2024
千興不銹鋼(股)公司,千興,2025
大成不銹鋼工業股份有限公司,大成鋼,2027
威致鋼鐵工業股份有限公司,威致,2028
盛餘股份有限公司,盛餘,2029
彰源企業股份有限公司,彰源,2030
新光鋼鐵股份有限公司,新光鋼,2031
新鋼工業股份有限公司,新鋼,2032
佳大世界股份有限公司,佳大,2033
允強實業股份有限公司,允強,2034
海光企業股份有限公司,海光,2038
上銀科技股份有限公司,上銀,2049
川湖科技股份有限公司,川湖,2059
橋椿金屬股份有限公司,橋椿,2062
運錩鋼鐵股份有限公司,運錩,2069
世紀離岸風電設備股份有限公司,世紀風電,2072
南港輪胎股份有限公司,南港,2101
泰豐輪胎股份有限公司,泰豐,2102
台橡股份有限公司,台橡,2103
國際中橡投資控股股份有限公司,國際中橡,2104
正新橡膠工業股份有限公司,正新,2105
建大工業股份有限公司,建大,2106
厚生股份有限公司,厚生,2107
南帝化學工業股份有限公司,南帝,2108
華豐橡膠工業股份有限公司,華豐,2109
鑫永銓股份有限公司,鑫永銓,2114
六暉控股股份有限公司,六暉-KY,2115
裕隆汽車製造股份有限公司,裕隆,2201
中華汽車工業股份有限公司,中華,2204
三陽工業股份有限公司,三陽工業,2206
和泰汽車股份有限公司,和泰車,2207
台灣國際造船股份有限公司,台船,2208
長榮鋼鐵股份有限公司,長榮鋼,2211
裕隆日產汽車股份有限公司,裕日車,2227
劍麟股份有限公司,劍麟,2228
為升電裝工業股份有限公司,為升,2231
宇隆科技股份有限公司,宇隆,2233
百達精密工業股份有限公司,百達-KY,2236
開曼英利工業股份有限公司,英利-KY,2239
艾姆勒科技股份有限公司,艾姆勒,2241
宏旭控股股份有限公司,宏旭-KY,2243
汎德永業汽車股份有限公司,汎德永業,2247
華勝汽車電子股份有限公司,華勝-KY,2248
第一化成控股(開曼)股份有限公司,IKKA-KY,2250
巨鎧精密工業股份有限公司,巨鎧精密-創,2254
鴻華先進科技股份有限公司,鴻華先進-創,2258
光寶科技股份有限公司,光寶科,2301
麗正國際科技股份有限公司,麗正,2302
聯華電子股份有限公司,聯電,2303
全友電腦股份有限公司,全友,2305
台達電子工業股份有限公司,台達電,2308
金寶電子工業股份有限公司,金寶,2312
華通電腦股份有限公司,華通,2313
台揚科技股份有限公司,台揚,2314
楠梓電子股份有限公司,楠梓電,2316
鴻海精密工業股份有限公司,鴻海,2317
東訊股份有限公司,東訊,2321
中環股份有限公司,中環,2323
仁寶電腦工業股份有限公司,仁寶,2324
國巨股份有限公司,國巨*,2327
廣宇科技股份有限公司,廣宇,2328
華泰電子股份有限公司,華泰,2329
台灣積體電路製造股份有限公司,台積電,2330
精英電腦股份有限公司,精英,2331
友訊科技股份有限公司,友訊,2332
旺宏電子股份有限公司,旺宏,2337
台灣光罩股份有限公司,光罩,2338
台亞半導體股份有限公司,台亞,2340
台灣茂矽電子股份有限公司,茂矽,2342
華邦電子股份有限公司,華邦電,2344
智邦科技股份有限公司,智邦,2345
聯強國際股份有限公司,聯強,2347
海悅國際開發股份有限公司,海悅,2348
錸德科技股份有限公司,錸德,2349
順德工業股份有限公司,順德,2351
佳世達科技股份有限公司,佳世達,2352
宏碁股份有限公司,宏碁,2353
鴻準精密工業股份有限公司,鴻準,2354
敬鵬工業股份有限公司,敬鵬,2355
英業達股份有限公司,英業達,2356
華碩電腦股份有限公司,華碩,2357
所羅門股份有限公司,所羅門,2359
致茂電子股份有限公司,致茂,2360
藍天電腦股份有限公司,藍天,2362
矽統科技股份有限公司,矽統,2363
倫飛電腦實業股份有限公司,倫飛,2364
昆盈企業股份有限公司,昆盈,2365
燿華電子股份有限公司,燿華,2367
金像電子(股)公司,金像電,2368
菱生精密工業股份有限公司,菱生,2369
大同股份有限公司,大同,2371
震旦行股份有限公司,震旦行,2373
佳能企業股份有限公司,佳能,2374
凱美電機股份有限公司,凱美,2375
技嘉科技股份有限公司,技嘉,2376
微星科技股份有限公司,微星,2377
瑞昱半導體股份有限公司,瑞昱,2379
虹光精密工業股份有限公司,虹光,2380
廣達電腦股份有限公司,廣達,2382
台光電子材料股份有限公司,台光電,2383
群光電子股份有限公司,群光,2385
精元電腦股份有限公司,精元,2387
威盛電子股份有限公司,威盛,2388
云辰電子開發股份有限公司,云辰,2390
正崴精密工業股份有限公司,正崴,2392
億光電子工業股份有限公司,億光,2393
研華股份有限公司,研華,2395
友通資訊股份有限公司,友通,2397
映泰股份有限公司,映泰,2399
凌陽科技股份有限公司,凌陽,2401
毅嘉科技股份有限公司,毅嘉,2402
漢唐集成股份有限公司,漢唐,2404
輔信科技股份有限公司,輔信,2405
國碩科技工業股份有限公司,國碩,2406
南亞科技股份有限公司,南亞科,2408
友達光電股份有限公司,友達,2409
中華電信股份有限公司,中華電,2412
環隆科技股份有限公司,環科,2413
精技電腦股份有限公司,精技,2414
錩新科技股份有限公司,錩新,2415
圓剛科技股份有限公司,圓剛,2417
仲琦科技股份有限公司,仲琦,2419
新巨企業股份有限公司,新巨,2420
建準電機工業股份有限公司,建準,2421
固緯電子實業股份有限公司,固緯,2423
隴華電子股份有限公司,隴華,2424
承啟科技股份有限公司,承啟,2425
鼎元光電科技股份有限公司,鼎元,2426
三商電腦股份有限公司,三商電,2427
興勤電子工業股份有限公司,興勤,2428
銘旺科技股份有限公司,銘旺科,2429
燦坤實業股份有限公司,燦坤,2430
聯昌電子企業股份有限公司,聯昌,2431
倚天酷碁股份有限公司,倚天酷碁-創,2432
互盛股份有限公司,互盛電,2433
統懋半導體股份有限公司,統懋,2434
偉詮電子股份有限公司,偉詮電,2436
翔耀實業股份有限公司,翔耀,2438
美律實業股份有限公司,美律,2439
太空梭高傳真資訊科技(股)公司,太空梭,2440
超豐電子股份有限公司,超豐,2441
新美齊股份有限公司,新美齊,2442
兆勁科技股份有限公司,兆勁,2444
京元電子股份有限公司,京元電子,2449
神腦國際企業股份有限公司,神腦,2450
創見資訊股份有限公司,創見,2451
凌群電腦股份有限公司,凌群,2453
聯發科技股份有限公司,聯發科,2454
全新光電科技股份有限公司,全新,2455
飛宏科技股份有限公司,飛宏,2457
義隆電子股份有限公司,義隆,2458
敦吉科技股份有限公司,敦吉,2459
建通精密工業股份有限公司,建通,2460
光群雷射科技股份有限公司,光群雷,2461
台灣良得電子股份有限公司,良得電,2462
盟立自動化股份有限公司,盟立,2464
麗臺科技股份有限公司,麗臺,2465
冠西電子企業股份有限公司,冠西電,2466
志聖工業股份有限公司,志聖,2467
華經資訊企業股份有限公司,華經,2468
資通電腦股份有限公司,資通,2471
立隆電子工業股份有限公司,立隆電,2472
可成科技股份有限公司,可成,2474
鉅祥企業股份有限公司,鉅祥,2476
美隆工業股份有限公司,美隆電,2477
大毅科技股份有限公司,大毅,2478
敦陽科技股份有限公司,敦陽科,2480
強茂股份有限公司,強茂,2481
連宇股份有限公司,連宇,2482
百容電子股份有限公司,百容,2483
希華晶體科技股份有限公司,希華,2484
兆赫電子股份有限公司,兆赫,2485
一詮精密工業股份有限公司,一詮,2486
漢平電子工業股份有限公司,漢平,2488
瑞軒科技股份有限公司,瑞軒,2489
吉祥全球實業股份有限公司,吉祥全,2491
華新科技股份有限公司,華新科,2492
揚博科技股份有限公司,揚博,2493
普安科技股份有限公司,普安,2495
卓越成功股份有限公司,卓越,2496
怡利電子工業股份有限公司,怡利電,2497
宏達國際電子股份有限公司,宏達電,2498
國泰建設股份有限公司,國建,2501
國產建材實業股份有限公司,國產,2504
國揚實業股份有限公司,國揚,2505
太平洋建設股份有限公司,太設,2506
全坤建設開發股份有限公司,全坤建,2509
太子建設開發股份有限公司,太子,2511
龍邦國際興業股份有限公司,龍邦,2514
中華工程股份有限公司,中工,2515
新亞建設開發股份有限公司,新建,2516
冠德建設股份有限公司,冠德,2520
京城建設股份有限公司,京城,2524
宏璟建設股份有限公司,宏璟,2527
皇普建設股份有限公司,皇普,2528
大華建設股份有限公司,華建,2530
宏盛建設股份有限公司,宏盛,2534
達欣工程股份有限公司,達欣工,2535
宏普建設股份有限公司,宏普,2536
聯上開發股份有限公司,聯上發,2537
基泰建設股份有限公司,基泰,2538
櫻花建設股份有限公司,櫻花建,2539
愛山林建設開發股份有限公司,愛山林,2540
興富發建設股份有限公司,興富發,2542
皇昌營造股份有限公司,皇昌,2543
皇翔建設股份有限公司,皇翔,2545
根基營造股份有限公司,根基,2546
日勝生活科技股份有限公司,日勝生,2547
華固建設股份有限公司,華固,2548
潤弘精密工程事業股份有限公司,潤弘,2597
益航股份有限公司,益航,2601
長榮海運股份有限公司,長榮,2603
新興航運股份有限公司,新興,2605
裕民航運股份有限公司,裕民,2606
長榮國際儲運股份有限公司,榮運,2607
嘉里大榮物流股份有限公司,嘉里大榮,2608
陽明海運股份有限公司,陽明,2609
中華航空股份有限公司,華航,2610
志信國際股份有限公司,志信,2611
中國航運股份有限公司,中航,2612
中國貨櫃運輸股份有限公司,中櫃,2613
東森國際股份有限公司,東森,2614
萬海航運股份有限公司,萬海,2615
山隆通運股份有限公司,山隆,2616
台灣航業股份有限公司,台航,2617
長榮航空股份有限公司,長榮航,2618
亞洲航空股份有限公司,亞航,2630
台灣高速鐵路股份有限公司,台灣高鐵,2633
漢翔航空工業股份有限公司,漢翔,2634
台驊國際控股股份有限公司,台驊控股,2636
慧洋海運股份有限公司,慧洋-KY,2637
台灣宅配通股份有限公司,宅配通,2642
長榮航太科技股份有限公司,長榮航太,2645
星宇航空股份有限公司,星宇航空,2646
萬華企業股份有限公司,萬企,2701
華園飯店股份有限公司,華園,2702
國賓大飯店股份有限公司,國賓,2704
六福開發股份有限公司,六福,2705
第一華僑大飯店股份有限公司,第一店,2706
晶華國際酒店股份有限公司,晶華,2707
遠雄悅來大飯店股份有限公司,遠雄來,2712
夏都國際開發股份有限公司,夏都,2722
開曼美食達人股份有限公司,美食-KY,2723
王品餐飲股份有限公司,王品,2727
雄獅旅行社股份有限公司,雄獅,2731
寒舍餐旅管理顧問股份有限公司,寒舍,2739
雲品國際酒店股份有限公司,雲品,2748
八方雲集國際股份有限公司,八方雲集,2753
世界健身股份有限公司,世界健身-KY,2762
彰化商業銀行股份有限公司,彰銀,2801
台中商業銀行股份有限公司,台中銀,2812
旺旺友聯產物保險股份有限公司,旺旺保,2816
中華票券金融股份有限公司,華票,2820
台灣產物保險股份有限公司,台產,2832
臺灣中小企業銀行股份有限公司,臺企銀,2834
高雄銀行股份有限公司,高雄銀,2836
聯邦商業銀行股份有限公司,聯邦銀,2838
遠東國際商業銀行股份有限公司,遠東銀,2845
安泰商業銀行股份有限公司,安泰銀,2849
新光產物保險股份有限公司,新產,2850
中央再保險股份有限公司,中再保,2851
第一產物保險股份有限公司,第一保,2852
統一綜合證券股份有限公司,統一證,2855
三商美邦人壽保險股份有限公司,三商壽,2867
華南金融控股股份有限公司,華南金,2880
富邦金融控股股份有限公司,富邦金,2881
國泰金融控股股份有限公司,國泰金,2882
凱基金融控股股份有限公司,凱基金,2883
玉山金融控股股份有限公司,玉山金,2884
元大金融控股股份有限公司,元大金,2885
兆豐金融控股股份有限公司,兆豐金,2886
台新新光金融控股股份有限公司,台新新光金,2887
國票金融控股股份有限公司,國票金,2889
永豐金融控股股份有限公司,永豐金,2890
中國信託金融控股股份有限公司,中信金,2891
第一金融控股股份有限公司,第一金,2892
王道商業銀行股份有限公司,王道銀行,2897
欣欣大眾市場股份有限公司,欣欣,2901
遠東百貨股份有限公司,遠百,2903
匯僑股份有限公司,匯僑,2904
三商投資控股股份有限公司,三商,2905
高林實業股份有限公司,高林,2906
特力股份有限公司,特力,2908
統領百貨股份有限公司,統領,2910
麗嬰房股份有限公司,麗嬰房,2911
統一超商股份有限公司,統一超,2912
台灣農林股份有限公司,農林,2913
潤泰全球股份有限公司,潤泰全,2915
鼎固控股有限公司,鼎固-KY,2923
淘帝國際控股有限公司,淘帝-KY,2929
永邑國際集團股份有限公司,永邑-KY,2939
三商家購股份有限公司,三商家購,2945
歐格電子股份有限公司,歐格,3002
健和興端子股份有限公司,健和興,3003
豐達科技股份有限公司,豐達科,3004
神基控股股份有限公司,神基,3005
晶豪科技股份有限公司,晶豪科,3006
大立光電股份有限公司,大立光,3008
華立企業股份有限公司,華立,3010
今皓實業股份有限公司,今皓,3011
晟銘電子科技股份有限公司,晟銘電,3013
聯陽半導體股份有限公司,聯陽,3014
全漢企業股份有限公司,全漢,3015
嘉晶電子股份有限公司,嘉晶,3016
奇鋐科技股份有限公司,奇鋐,3017
隆銘綠能科技工程股份有限公司,隆銘綠能,3018
亞洲光學股份有限公司,亞光,3019
鴻名企業股份有限公司,鴻名,3021
威強電工業電腦股份有限公司,威強電,3022
信邦電子股份有限公司,信邦,3023
憶聲電子股份有限公司,憶聲,3024
星通資訊股份有限公司,星通,3025
禾伸堂企業股份有限公司,禾伸堂,3026
盛達電業股份有限公司,盛達,3027
增你強股份有限公司,增你強,3028
零壹科技股份有限公司,零壹,3029
德律科技股份有限公司,德律,3030
佰鴻工業股份有限公司,佰鴻,3031
偉訓科技股份有限公司,偉訓,3032
威健實業股份有限公司,威健,3033
聯詠科技股份有限公司,聯詠,3034
智原科技股份有限公司,智原,3035
文曄科技股份有限公司,文曄,3036
欣興電子股份有限公司,欣興,3037
全台晶像股份有限公司,全台,3038
遠見科技股份有限公司,遠見,3040
揚智科技股份有限公司,揚智,3041
台灣晶技股份有限公司,晶技,3042
科風股份有限公司,科風,3043
健鼎科技股份有限公司,健鼎,3044
台灣大哥大股份有限公司,台灣大,3045
建碁股份有限公司,建碁,3046
訊舟科技股份有限公司,訊舟,3047
益登科技股份有限公司,益登,3048
精金科技股份有限公司,精金,3049
鈺德科技股份有限公司,鈺德,3050
力特光電科技股份有限公司,力特,3051
夆典科技開發股份有限公司,夆典,3052
立萬利創新股份有限公司,立萬利,3054
蔚華科技股份有限公司,蔚華科,3055
富華創新股份有限公司,富華新,3056
喬鼎資訊股份有限公司,喬鼎,3057
立德電子股份有限公司,立德,3058
華晶科技股份有限公司,華晶科,3059
銘異科技股份有限公司,銘異,3060
建漢科技股份有限公司,建漢,3062
日電貿股份有限公司,日電貿,3090
鴻碩精密電工股份有限公司,鴻碩,3092
聯傑國際股份有限公司,聯傑,3094
一零四資訊科技股份有限公司,一零四,3130
凌航科技股份有限公司,凌航,3135
耀登科技股份有限公司,耀登,3138
正達國際光電股份有限公司,正達,3149
鈺寶科技股份有限公司,鈺寶-創,3150
景岳生物科技股份有限公司,景岳,3164
大量科技股份有限公司,大量,3167
眾福科技股份有限公司,眾福科,3168
景碩科技股份有限公司,景碩,3189
全科科技股份有限公司,全科,3209
晟鈦股份有限公司,晟鈦,3229
緯創資通股份有限公司,緯創,3231
虹冠電子工業股份有限公司,虹冠電,3257
昇陽建設企業股份有限公司,昇陽,3266
勝德國際研發股份有限公司,勝德,3296
昇貿科技股份有限公司,昇貿,3305
聯德電子股份有限公司,聯德,3308
閎暉實業股份有限公司,閎暉,3311
弘憶國際股份有限公司,弘憶股,3312
同泰電子科技股份有限公司,同泰,3321
泰碩電子股份有限公司,泰碩,3338
麗清科技股份有限公司,麗清,3346
奇偶科技股份有限公司,奇偶,3356
新日興股份有限公司,新日興,3376
明泰科技股份有限公司,明泰,3380
玉晶光電股份有限公司,玉晶光,3406
京鼎精密科技股份有限公司,京鼎,3413
融程電訊股份有限公司,融程電,3416
譁裕實業股份有限公司,譁裕,3419
台端興業股份有限公司,台端,3432
榮創能源科技股份有限公司,榮創,3437
創意電子股份有限公司,創意,3443
展達通訊股份有限公司,展達,3447
聯鈞光電股份有限公司,聯鈞,3450
群創光電股份有限公司,群創,3481
誠研科技股份有限公司,誠研,3494
維熹科技股份有限公司,維熹,3501
揚明光學股份有限公司,揚明光,3504
華擎科技股份有限公司,華擎,3515
柏騰科技股份有限公司,柏騰,3518
安馳科技股份有限公司,安馳,3528
晶相光電股份有限公司,晶相光,3530
台塑勝高科技股份有限公司,台勝科,3532
嘉澤端子工業股份有限公司,嘉澤,3533
晶彩科技股份有限公司,晶彩科,3535
州巧科技股份有限公司,州巧,3543
敦泰電子股份有限公司,敦泰,3545
聯穎科技股份有限公司,聯穎,3550
嘉威生活股份有限公司,嘉威,3557
牧德科技股份有限公司,牧德,3563
聯合再生能源股份有限公司,聯合再生,3576
辛耘企業股份有限公司,辛耘,3583
通嘉科技股份有限公司,通嘉,3588
艾笛森光電股份有限公司,艾笛森,3591
瑞鼎科技股份有限公司,瑞鼎,3592
力銘科技股份有限公司,力銘,3593
智易科技股份有限公司,智易,3596
宏致電子股份有限公司,宏致,3605
谷崧精密工業股份有限公司,谷崧,3607
碩天科技股份有限公司,碩天,3617
洋華光電股份有限公司,洋華,3622
達邁科技股份有限公司,達邁,3645
精聯電子股份有限公司,精聯,3652
健策精密工業股份有限公司,健策,3653
世芯電子股份有限公司,世芯-KY,3661
貿聯控股(BizLink Holding Inc.),貿聯-KY,3665
圓展科技股份有限公司,圓展,3669
"TPK Holding Co., Ltd.",TPK-KY,3673
新至陞科技股份有限公司,新至陞,3679
達能科技股份有限公司,達能,3686
海華科技股份有限公司,海華,3694
大眾全球投資控股股份有限公司,大眾控,3701
大聯大控股股份有限公司,大聯大,3702
欣陸投資控股股份有限公司,欣陸,3703
合勤投資控股股份有限公司,合勤控,3704
永信國際投資控股股份有限公司,永信,3705
神達控股股份有限公司,神達,3706
上緯國際投資控股股份有限公司,上緯投控,3708
日月光投資控股股份有限公司,日月光投控,3711
永崴投資控股股份有限公司,永崴投控,3712
富采控股股份有限公司,富采,3714
定穎投資控股股份有限公司,定穎投控,3715
中化控股股份有限公司,中化控股,3716
聯嘉光電投資控股股份有限公司,聯嘉投控,3717
佳醫健康事業股份有限公司,佳醫,4104
雃博股份有限公司,雃博,4106
懷特生技新藥股份有限公司,懷特,4108
旭富製藥科技股份有限公司,旭富,4119
亞諾法生技股份有限公司,亞諾法,4133
麗豐股份有限公司,麗豐-KY,4137
國光生物科技股份有限公司,國光生,4142
全宇生技控股有限公司,全宇生技-KY,4148
訊映光電股份有限公司,訊映,4155
承業生醫投資控股股份有限公司,承業醫,4164
泰宗生物科技股份有限公司,泰宗,4169
永笙生技股份有限公司,永笙-KY,4178
佐登妮絲集團股份有限公司,佐登-KY,4190
炎洲股份有限公司,炎洲,4306
如興股份有限公司,如興,4414
利勤實業股份有限公司,利勤,4426
廣越企業股份有限公司,廣越,4438
冠星集團控股有限公司,冠星-KY,4439
宜新實業股份有限公司,宜新實業,4440
振大環球股份有限公司,振大環球,4441
東台精機股份有限公司,東台,4526
瑞智精密股份有限公司,瑞智,4532
拓凱實業股份有限公司,拓凱,4536
全球傳動科技股份有限公司,全球傳動,4540
銘鈺精密工業股份有限公司,銘鈺,4545
智伸科技股份有限公司,智伸科,4551
力達控股有限公司,力達-KY,4552
台灣氣立股份有限公司,氣立,4555
永新控股股份有限公司,永新-KY,4557
強信機械科技股份有限公司,強信-KY,4560
穎漢科技股份有限公司,穎漢,4562
元翎精密工業股份有限公司,元翎,4564
時碩工業股份有限公司,時碩工業,4566
六方科技股份有限公司,六方科-KY,4569
鈞興機電國際股份有限公司,鈞興-KY,4571
駐龍精密機械股份有限公司,駐龍,4572
大銀微系統股份有限公司,大銀微系統,4576
World Known MFG(Cayman)Limited,光隆精密-KY,4581
台灣精銳科技股份有限公司,台灣精銳,4583
達明機器人股份有限公司,達明,4585
玖鼎電力資訊股份有限公司,玖鼎電力,4588
富田電機股份有限公司,富田-創,4590
德淵企業股份有限公司,德淵,4720
國精化學股份有限公司,國精化,4722
泰博科技股份有限公司,泰博,4736
華廣生技股份有限公司,華廣,4737
康普材料科技股份有限公司,康普,4739
台耀化學股份有限公司,台耀,4746
三福化工股份有限公司,三福化,4755
濟南大自然新材料股份有限公司,材料*-KY,4763
雙鍵化工股份有限公司,雙鍵,4764
南寶樹脂化學工廠股份有限公司,南寶,4766
上品綜合工業股份有限公司,上品,4770
望隼科技股份有限公司,望隼,4771
日成控股股份有限公司,日成-KY,4807
遠傳電信股份有限公司,遠傳,4904
正文科技股份有限公司,正文,4906
聯德控股股份有限公司,聯德控股-KY,4912
致伸科技股份有限公司,致伸,4915
事欣科技股份有限公司,事欣科,4916
新唐科技股份有限公司,新唐,4919
泰鼎國際股份有限公司,泰鼎-KY,4927
燦星網通股份有限公司,燦星網,4930
太極能源科技股份有限公司,太極,4934
茂林光電科技(開曼)股份有限公司,茂林-KY,4935
和碩聯合科技股份有限公司,和碩,4938
嘉彰股份有限公司,嘉彰,4942
開曼康而富控股股份有限公司,康控-KY,4943
有成精密股份有限公司,有成精密,4949
凌通科技股份有限公司,凌通,4952
光鋐科技股份有限公司,光鋐,4956
臻鼎科技控股股份有限公司,臻鼎-KY,4958
誠美材料科技股份有限公司,誠美材,4960
天鈺科技股份有限公司,天鈺,4961
十銓科技股份有限公司,十銓,4967
立積電子股份有限公司,立積,4968
佳凌科技股份有限公司,佳凌,4976
眾達科技股份有限公司,眾達-KY,4977
李長榮科技股份有限公司,榮科,4989
傳奇網路遊戲股份有限公司,傳奇,4994
鑫禾科技股份有限公司,鑫禾,4999
三星科技股份有限公司,三星,5007
訊連科技股份有限公司,訊連,5203
科嘉(開曼)股份有限公司,科嘉-KY,5215
全訊科技股份有限公司,全訊,5222
東科控股股份有限公司,東科-KY,5225
達興材料股份有限公司,達興材料,5234
乙盛精密工業股份有限公司,乙盛-KY,5243
弘凱光電股份有限公司,弘凱,5244
虹堡科技股份有限公司,虹堡,5258
祥碩科技股份有限公司,祥碩,5269
禾聯碩股份有限公司,禾聯碩,5283
經寶精密控股股份有限公司,jpp-KY,5284
界霖科技股份有限公司,界霖,5285
開曼商豐祥控股股份有限公司,豐祥-KY,5288
華懋科技股份有限公司,華懋,5292
桂盟國際股份有限公司,桂盟,5306
中磊電子股份有限公司,中磊,5388
崇越科技股份有限公司,崇越,5434
瀚宇博德股份有限公司,瀚宇博,5469
松翰科技股份有限公司,松翰,5471
慧友電子股份有限公司,慧友,5484
建國工程股份有限公司,建國,5515
隆大營建事業股份有限公司,隆大,5519
工信工程股份有限公司,工信,5521
遠雄建設事業股份有限公司,遠雄,5522
順天建設股份有限公司,順天,5525
鄉林建設事業股份有限公司,鄉林,5531
皇鼎建設開發股份有限公司,皇鼎,5533
長虹建設股份有限公司,長虹,5534
開曼東明控股股份有限公司,東明-KY,5538
永固集團股份有限公司,永固-KY,5546
遠雄自貿港投資控股股份有限公司,遠雄港,5607
四維航業股份有限公司,四維航,5608
鳳凰國際旅行社股份有限公司,鳳凰,5706
中租控股股份有限公司,中租-KY,5871
上海商業儲蓄銀行股份有限公司,上海商銀,5876
合作金庫金融控股股份有限公司,合庫金,5880
台南生活(開曼)股份有限公司,台南-KY,5906
Grand Ocean RetailGroupLimited,大洋-KY,5907
群益金鼎證券股份有限公司,群益證,6005
群益期貨股份有限公司,群益期,6024
競國實業股份有限公司,競國,6108
邁達特數位股份有限公司,邁達特,6112
鎰勝工業股份有限公司,鎰勝,6115
瀚宇彩晶股份有限公司,彩晶,6116
迎廣科技股份有限公司,迎廣,6117
達運精密工業股份有限公司,達運,6120
上福全球科技股份有限公司,上福,6128
金橋科技股份有限公司,金橋,6133
富爾特科技股份有限公司,富爾特,6136
亞翔工程股份有限公司,亞翔,6139
柏承科技股份有限公司,柏承,6141
友勁科技股份有限公司,友勁,6142
百一電子股份有限公司,百一,6152
嘉聯益科技股份有限公司,嘉聯益,6153
鈞寶電子工業股份有限公司,鈞寶,6155
華興電子工業股份有限公司,華興,6164
浪凡網路科技股份有限公司,浪凡,6165
凌華科技股份有限公司,凌華,6166
宏齊科技股份有限公司,宏齊,6168
瑞儀光電股份有限公司,瑞儀,6176
達麗建設事業股份有限公司,達麗,6177
關貿網路股份有限公司,關貿,6183
大豐有線電視股份有限公司,大豐電,6184
豐藝電子股份有限公司,豐藝,6189
精成科技股份有限公司,精成科,6191
巨路國際股份有限公司,巨路,6192
帆宣系統科技股份有限公司,帆宣,6196
佳必琪國際股份有限公司,佳必琪,6197
亞弘電科技股份有限公司,亞弘電,6201
盛群半導體股份有限公司,盛群,6202
詮欣股份有限公司,詮欣,6205
飛捷科技股份有限公司,飛捷,6206
今國光學工業股份有限公司,今國光,6209
聯茂電子股份有限公司,聯茂,6213
精誠資訊股份有限公司,精誠,6214
和椿科技股份有限公司,和椿,6215
居易科技股份有限公司,居易,6216
聚鼎科技股份有限公司,聚鼎,6224
天瀚科技股份有限公司,天瀚,6225
光鼎電子股份有限公司,光鼎,6226
尼得科超眾科技股份有限公司,尼得科超眾,6230
華孚科技股份有限公司,華孚,6235
力成科技股份有限公司,力成,6239
迅杰科技股份有限公司,迅杰,6243
矽格股份有限公司,矽格,6257
台郡科技股份有限公司,台郡,6269
同欣電子工業股份有限公司,同欣電,6271
驊陞科技股份有限公司,驊陞,6272
宏正自動科技股份有限公司,宏正,6277
台灣表面黏著科技股份有限公司,台表科,6278
全國電子股份有限公司,全國電,6281
康舒科技股份有限公司,康舒,6282
淳安電子股份有限公司,淳安,6283
啟碁科技股份有限公司,啟碁,6285
悅城科技股份有限公司,悅城,6405
旭隼科技股份有限公司,旭隼,6409
群光電能科技股份有限公司,群電,6412
樺漢科技股份有限公司,樺漢,6414
矽力杰股份有限公司,矽力*-KY,6415
瑞祺電通股份有限公司,瑞祺電通,6416
統新光訊股份有限公司,統新,6426
光麗生技控股股份有限公司,光麗-KY,6431
迅得機械股份有限公司,迅得,6438
光紅建聖股份有限公司,光聖,6442
元晶太陽能科技股份有限公司,元晶,6443
藥華醫藥股份有限公司,藥華藥,6446
鈺邦科技股份有限公司,鈺邦,6449
訊芯科技控股股份有限公司,訊芯-KY,6451
GIS Holding Limited,GIS-KY,6456
台灣數位光訊科技股份有限公司,台數科,6464
保瑞藥業股份有限公司,保瑞,6472
安集科技股份有限公司,安集,6477
晶碩光學股份有限公司,晶碩,6491
南六企業股份有限公司,南六,6504
台塑石化股份有限公司,台塑化,6505
穎崴科技股份有限公司,穎崴,6515
捷敏股份有限公司,捷敏-KY,6525
達發科技股份有限公司,達發,6526
愛普科技股份有限公司,愛普*,6531
晶心科技股份有限公司,晶心科,6533
正瀚生技股份有限公司,正瀚-創,6534
泰福生技股份有限公司,泰福-KY,6541
北極星藥業集團股份有限公司,北極星藥業-KY,6550
易華電子股份有限公司,易華電,6552
興能高科技股份有限公司,興能高,6558
虹揚發展科技股份有限公司,虹揚-KY,6573
研揚科技股份有限公司,研揚,6579
台灣鋼聯股份有限公司,鋼聯,6581
申豐特用應材股份有限公司,申豐,6582
鼎基先進材料股份有限公司,鼎基,6585
台康生技股份有限公司,台康生技,6589
動力科技股份有限公司,動力-KY,6591
和潤企業股份有限公司,和潤企業,6592
Applied BioCode Corporation,ABC-KY,6598
帝寶工業股份有限公司,帝寶,6605
建德工業股份有限公司,建德工業,6606
資拓宏宇國際股份有限公司,資拓宏宇,6614
必應創造股份有限公司,必應,6625
基士德科技股份有限公司,基士德-KY,6641
金萬林企業股份有限公司,金萬林-創,6645
科定企業股份有限公司,科定,6655
華安醫學股份有限公司,華安,6657
聯策科技股份有限公司,聯策,6658
羅麗芬控股股份有限公司,羅麗芬-KY,6666
中揚光電股份有限公司,中揚光,6668
緯穎科技服務股份有限公司,緯穎,6669
復盛應用科技股份有限公司,復盛應用,6670
三能集團控股股份有限公司,三能-KY,6671
騰輝電子國際集團股份有限公司,騰輝電子-KY,6672
鋐寶科技股份有限公司,鋐寶科技,6674
伊雲谷數位科技股份有限公司,伊雲谷,6689
洋基工程股份有限公司,洋基工程,6691
芯鼎科技股份有限公司,芯鼎,6695
旭暉應用材料股份有限公司,旭暉應材,6698
惠特科技股份有限公司,惠特,6706
嘉基科技股份有限公司,嘉基,6715
力智電子股份有限公司,力智,6719
輝創電子股份有限公司,輝創,6722
澤米科技股份有限公司,澤米,6742
安普新股份有限公司,安普新,6743
龍德造船工業股份有限公司,龍德造船,6753
匯僑室內裝修設計股份有限公司,匯僑設計,6754
威鋒電子股份有限公司,威鋒電子,6756
台灣虎航股份有限公司,台灣虎航,6757
志強國際企業股份有限公司,志強-KY,6768
力晶積成電子製造股份有限公司,力積電,6770
平和環保科技股份有限公司,平和環保-創,6771
展碁國際股份有限公司,展碁國際,6776
"AES Holding Co., Ltd.",AES-KY,6781
視陽光學股份有限公司,視陽,6782
采鈺科技股份有限公司,采鈺,6789
永豐餘消費品實業股份有限公司,永豐實,6790
詠業科技股份有限公司,詠業,6792
向榮生醫科技股份有限公司,向榮生技,6794
晉弘科技股份有限公司,晉弘,6796
來頡科技股份有限公司,來頡,6799
富世達股份有限公司,富世達,6805
森崴能源股份有限公司,森崴能源,6806
峰源集團股份有限公司,峰源-KY,6807
汎銓科技股份有限公司,汎銓,6830
邁&#33834;科技股份有限公司,邁科,6831
天二科技股份有限公司,天二科技,6834
圓裕企業股份有限公司,圓裕,6835
台新藥股份有限公司,台新藥,6838
PlayNitride Inc.,錼創科技-KY創,6854
睿生光電股份有限公司,睿生光電,6861
三集瑞科技國際集團股份有限公司,三集瑞-KY,6862
Arizon RFID Technology,永道-KY,6863
雲豹能源科技股份有限公司,雲豹能源,6869
泓德能源科技股份有限公司,泓德能源,6873
全福生物科技股份有限公司,全福生技,6885
寶綠特資源再生工程股份有限公司,寶綠特-KY,6887
來億興業股份有限公司,來億-KY,6890
鑽石生技投資股份有限公司,鑽石投資,6901
走著瞧股份有限公司,GOGOLOOK,6902
現觀科技股份有限公司,現觀科,6906
宏碁遊戲股份有限公司,宏碁遊戲-創,6908
創控科技股份有限公司,創控,6909
阜爾運通股份有限公司,阜爾運通,6914
華凌光電股份有限公司,華凌,6916
愛派司生技股份有限公司,愛派司,6918
康霈生技股份有限公司,康霈*,6919
嘉雨思科技股份有限公司,嘉雨思-創,6921
中台資源科技股份有限公司,中台,6923
榮惠集團(開曼)股份有限公司,榮惠-KY創,6924
攸泰科技股份有限公司,攸泰科技,6928
青松健康股份有限公司,青松健康,6931
艾瑪斯科技控股股份有限公司,AMAX-KY,6933
心誠鎂行動醫電股份有限公司,心誠鎂,6934
永鴻國際生技股份有限公司,永鴻生技,6936
天虹科技股份有限公司,天虹,6937
兆聯實業股份有限公司,兆聯實業,6944
沛爾生技醫藥股份有限公司,沛爾生醫-創,6949
青新環境工程股份有限公司,青新-創,6951
大武山牧場科技股份有限公司,大武山,6952
邦睿生技股份有限公司,邦睿生技-創,6955
裕慶金屬股份有限公司,裕慶-KY,6957
日盛台駿國際租賃股份有限公司,日盛台駿,6958
ITH Corporation,奕力-KY,6962
中傑投資控股股份有限公司,中傑-KY,6965
成信實業股份有限公司,成信實業*-創,6969
威力暘電子股份有限公司,威力暘-創,6988
富威電力股份有限公司,富威電力,6994
聯友金屬科技股份有限公司,聯友金屬-創,7610
聚賢研發股份有限公司,聚賢研發-創,7631
三商餐飲股份有限公司,三商餐飲,7705
永擎電子股份有限公司,永擎,7711
微程式資訊股份有限公司,微程式,7721
連加網路商業股份有限公司,LINEPAY,7722
暉盛科技股份有限公司,暉盛-創,7730
金興精密工業股份有限公司,金興精密,7732
虎山實業股份有限公司,虎山,7736
熙特爾新能源股份有限公司,熙特爾-創,7740
意騰科技股份有限公司,意騰-KY,7749
新代科技股份有限公司,新代,7750
享溫馨企業股份有限公司,享溫馨,7760
中華資安國際股份有限公司,中華資安,7765
鴻勁精密股份有限公司,鴻勁,7769
大研生醫國際股份有限公司,大研生醫*,7780
東方風能科技股份有限公司,東方風能,7786
松川精密股份有限公司,松川精密,7788
皇家可口股份有限公司,皇家可口,7791
長廣精機股份有限公司,長廣,7795
禾榮科技股份有限公司,禾榮科,7799
神達數位股份有限公司,神數,7821
倍利科技股份有限公司,倍利科,7822
奧義賽博科技股份有限公司,奧義賽博-KY創,7823
台通光電股份有限公司,台通,8011
矽創電子股份有限公司,矽創,8016
尖點科技股份有限公司,尖點,8021
昇陽國際半導體股份有限公司,昇陽半導體,8028
雷虎科技股份有限公司,雷虎,8033
台虹科技股份有限公司,台虹,8039
達運光電股份有限公司,達運光電,8045
南亞電路板股份有限公司,南電,8046
長華電材股份有限公司,長華*,8070
陞泰科技股份有限公司,陞泰,8072
致新科技股份有限公司,致新,8081
華冠通訊股份有限公司,華冠,8101
瀚荃股份有限公司,瀚荃,8103
錸寶科技股份有限公司,錸寶,8104
凌巨科技股份有限公司,凌巨,8105
華東科技股份有限公司,華東,8110
至上電子股份有限公司,至上,8112
振樺電子股份有限公司,振樺電,8114
福懋科技股份有限公司,福懋科,8131
南茂科技股份有限公司,南茂,8150
微矽電子股份有限公司,微矽電子-創,8162
達方電子股份有限公司,達方,8163
無敵科技股份有限公司,無敵,8201
勤誠興業股份有限公司,勤誠,8210
志超科技股份有限公司,志超,8213
明基材料股份有限公司,明基材,8215
寶一科技股份有限公司,寶一,8222
菱光科技股份有限公司,菱光,8249
富鼎先進電子股份有限公司,富鼎,8261
宇瞻科技股份有限公司,宇瞻,8271
日友環保科技股份有限公司,日友,8341
建新國際股份有限公司,建新國際,8367
羅昇企業股份有限公司,羅昇,8374
百和興業股份有限公司(開曼),百和興業-KY,8404
福貞控股股份有限公司,福貞-KY,8411
可寧衛股份有限公司,可寧衛*,8422
金麗集團控股有限公司,金麗-KY,8429
昶昕實業股份有限公司,昶昕,8438
威宏控股股份有限公司,威宏-KY,8442
阿瘦實業股份有限公司,阿瘦,8443
富邦媒體科技股份有限公司,富邦媒,8454
柏文健康事業股份有限公司,柏文,8462
潤泰精密材料股份有限公司,潤泰材,8463
億豐綜合工業股份有限公司,億豐,8464
美吉吉國際股份有限公司,美吉吉-KY,8466
波力環球企業股份有限公司,波力-KY,8467
山林水環境工程股份有限公司,山林水,8473
台境企業股份有限公司,台境*,8476
東哥企業股份有限公司,東哥遊艇,8478
政伸企業股份有限公司,政伸,8481
商億全球控股有限公司,商億-KY,8482
愛爾達科技股份有限公司,愛爾達-創,8487
吉源控股股份有限公司,吉源-KY,8488
鼎炫投資控股股份有限公司,鼎炫-KY,8499
台灣汽電共生股份有限公司,台汽電,8926
新天地國際實業股份有限公司,新天地,8940
高力熱處理工業股份有限公司,高力,8996
美德向邦醫療國際股份有限公司,美德醫療-DR,9103
康師傅控股有限公司,康師傅-DR,910322
泰金寶科技股份有限公司,泰金寶-DR,9105
神州數碼控股有限公司,神州-DR,910861
越南製造加工出口控股有限公司,越南控-DR,9110
明輝環球企業有限公司,明輝-DR,911608
聚亨企業集團(泰國)大眾有限公司,泰聚亨-DR,911622
同方友友控股有限公司,同方友友-DR,911868
晨訊科技集團有限公司,晨訊科-DR,912000
巨騰國際控股有限公司,巨騰-DR,9136
鈺齊國際股份有限公司,鈺齊-KY,9802
台火開發股份有限公司,台火,9902
寶成工業股份有限公司,寶成,9904
大華金屬工業股份有限公司,大華,9905
欣巴巴事業股份有限公司,欣巴巴,9906
統一實業股份有限公司,統一實,9907
大台北區瓦斯股份有限公司,大台北,9908
豐泰企業股份有限公司,豐泰,9910
台灣櫻花股份有限公司,櫻花,9911
偉聯科技股份有限公司,偉聯,9912
美利達工業股份有限公司,美利達,9914
中興保全科技股份有限公司,中保科,9917
欣欣天然氣股份有限公司,欣天然,9918
康那香企業股份有限公司,康那香,9919
巨大機械工業股份有限公司,巨大,9921
台灣福興工業股份有限公司,福興,9924
台灣新光保全股份有限公司,新保,9925
新海瓦斯股份有限公司,新海,9926
泰銘實業股份有限公司,泰銘,9927
中國電視事業股份有限公司,中視,9928
秋雨創新股份有限公司,秋雨,9929
中聯資源股份有限公司,中聯資源,9930
欣高石油氣股份有限公司,欣高,9931
中鼎工程股份有限公司,中鼎,9933
成霖企業股份有限公司,成霖,9934
慶豐富實業股份有限公司,慶豐富,9935
全國加油站股份有限公司,全國,9937
台灣百和工業股份有限公司,百和,9938
宏全國際股份有限公司,宏全,9939
信義房屋股份有限公司,信義,9940
裕融企業股份有限公司,裕融,9941
茂順密封元件科技股份有限公司,茂順,9942
好樂迪股份有限公司,好樂迪,9943
新麗企業股份有限公司,新麗,9944
潤泰創新國際股份有限公司,潤泰新,9945
三發地產股份有限公司,三發地產,9946
佳龍科技工程股份有限公司,佳龍,9955
世紀鋼鐵結構股份有限公司,世紀鋼,9958
